id,redcap,version,consent_level,english_all_or_most_or_first_lang_or_school,usable,usable_age,testing_date,video_quality,audio_quality,age,floor_age,gender,condition,counterbalance,first_room,first_song,song1_mem_check,song2_mem_check,test_q,test_q_explanation,P_hear_S,P_see_S,S_see_P,carrie_diverse_desires,rachel_prediction_implicit_false_belief,joe_diverse_beliefs,diana_prediction_false_belief_location,diana_explanation_false_belief_location,diana_control_false_belief_location,allie_predicition_false_belief_location,allie_explanation_false_belief_location,allie_control_emotion,allie_prediction_moral_reasoning_false_belief,allie_explanation_moral_reasoning_false_belief,allie_prediction2_moral_reasoning_false_belief,allie_explanation2_moral_reasoning_false_belief,tom_fb_only,tom_fb_control,tom_fb_with_exp_control,tom_no_why,tom_no_moral,tom_no_why_no_moral,tom,VA_experience,SS_experience,va_type,number_of_SS_in_home,notes
AlexaEmbodiment_211108_01_GD,oc745,1,3,1,1,1,11/8/2021,5,5,6,6,F,VUI,1,office,spider,1,1,wheels,,,,,0,1,0,1,1,1,1,1,1,1,1,1,0,3,3,6,6,6,5,10,0,0,NA,0,
AlexaEmbodiment_211108_02_GD,oc726,1,3,1,1,1,11/8/2021,5,5,4.81,4,F,VUI,1,office,spider,1,1,spider,,,,,1,1,0,0,1,1,1,0,1,1,1,1,0,2,2,4,6,6,5,9,0,0,NA,0,
AlexaEmbodiment_211108_03_GD,od002,1,1,1,1,1,11/8/2021,5,5,5.82,5,M,Person,1,office,spider,1,1,spider,,,,,1,1,1,0,1,1,1,1,1,1,1,1,1,2,2,5,7,8,6,12,1,1,Alexa,2,
AlexaEmbodiment_211108_04_GD,oa019,1,3,1,1,1,11/8/2021,5,5,7.32,7,M,VUI,1,office,spider,1,1,spider,,,,,1,1,1,1,0,1,1,1,1,1,1,1,1,3,3,5,8,8,7,12,1,1,Siri Homepod Mini,1,
AlexaEmbodiment_211109_05_GD,oc900,1,3,1,0,0,11/9/2021,5,5,3.01,3,M,VUI,1,office,spider,0,1,wheels->spider,because that's his favorite song,,,,0,0,0,0,0,1,0,0,1,0,0,0,0,0,0,1,1,2,2,2,0.5,0,Siri,0,
AlexaEmbodiment_211109_06_GD,oa044,1,1,1,1,1,11/9/2021,5,5,8.9,8,F,VUI,1,office,spider,1,1,spider,because he told that Paisia it was the itsy bitsy spider,,,,1,1,1,1,1,1,1,1,1,1,1,1,1,3,3,6,8,9,7,13,0,0,NA,0,
AlexaEmbodiment_211110_07_GD,oc619,1,3,1,1,1,11/10/2021,3,5,4.07,4,M,Person,1,office,spider,1,1,wheels,don't know,,,,0,1,0,0,1,0,1,1,0,0,0,0,0,2,2,4,2,4,2,4,1,1,Google Home,2,
AlexaEmbodiment_211110_08_GD,oc682,1,1,1,1,1,11/10/2021,5,5,5.07,5,F,VUI,1,office,spider,1,1,wheels,because it wants—it thinks he wants to play the wheels on the bus,,,,1,1,1,1,1,1,1,1,1,1,0,1,0,3,3,6,8,9,7,11,1,1,Amazon Echo Kids and Sonos Sounbar,1,
AlexaEmbodiment_211110_09_GD,oc702,1,1,1,1,1,11/10/2021,5,5,4.94,4,F,VUI,1,office,spider,1,1,wheels,because its his favorite song,,,,1,1,0,0,1,1,1,1,1,1,1,0,0,2,2,5,5,7,5,9,1,1,Google,2,
AlexaEmbodiment_211111_10_GD,od014,1,3,1,1,1,11/11,3,5,5.07,5,F,Person,1,office,spider,1,1,spider,,,,,1,1,1,1,1,1,1,1,1,0,0,0,0,3,3,6,6,9,7,9,1,0,Siri,0,
AlexaEmbodiment_211112_11_LL,oc840,1,1,1,0,1,11/12/2021,5,5,3.41,3,F,Person,1,office,spider,1,1,spider,,,,,NA,NA,NA,NA,NA,NA,NA,NA,NA,NA,NA,NA,NA,0,0,0,0,,0,0,1,0,Siri,0,opted out for storytime
AlexaEmbodiment_211112_12_LL,ob141,1,3,1,1,1,11/12/2021,5,5,5.11,5,F,Person,1,office,spider,1,1,spider,because she played that before,,,,1,1,1,1,1,1,1,1,1,1,1,1,1,3,3,6,8,9,7,13,1,1,Alexa,1,
AlexaEmbodiment_211112_13_LL,oc863,1,1,1,0,0,11/12/2021,3,3,7.5,7,M,Person,1,office,spider,1,1,spider,because that's what scotty asked for,,,,1,1,1,1,1,1,1,1,1,1,1,,1,3,3,6,7,9,7,12,0,0,NA,0,video problem for main test question (couldn't hear)
AlexaEmbodiment_211112_14_LL,oc492,1,1,1,1,1,11/12/2021,5,3,4.74,4,M,Person,1,office,spider,1,1,spider,because it played it last time,,,,1,1,1,1,1,1,1,1,1,0,0,0,0,3,3,6,6,9,7,9,0,0,NA,1,
AlexaEmbodiment_211112_15_LL,od073,1,2,0,0,0,11/12/2021,5,5,3.99,3,F,Person,1,office,spider,1,1,spider,,,,,0,0,NA,NA,NA,NA,NA,NA,NA,NA,NA,NA,NA,0,0,0,0,,0,0,1,1,Alexa,2,not fluent in English (didn't understand well)
AlexaEmbodiment_211115_16_GD,oc852,1,1,1,1,1,11/15/2021,5,5,4.09,4,M,Person,1,office,spider,1,1,spider,because he likes it,,,,1,1,1,1,1,1,1,1,1,1,0,0,0,3,3,6,7,9,7,10,0,0,NA,0,
AlexaEmbodiment_211115_17_GD,oc710,1,2,1,1,1,11/15/2021,5,3,4.96,4,M,Person,1,office,spider,1,1,wheels,,,,,1,1,0,0,0,0,0,0,0,0,0,0,0,1,1,1,2,2,2,2,1,0,Google Assistant,0,"could not answer ""why"" questions"
AlexaEmbodiment_211115_18_GD,oc665,1,2,1,1,1,11/15/2021,5,5,4,4,M,VUI,1,office,spider,1,1,spider,because he likes it,,,,1,1,1,0,0,1,1,0,1,0,1,0,0,2,2,3,5,6,6,7,0.5,0,Siri,0,
AlexaEmbodiment_211117_19_GD,ob164,1,3,1,1,1,11/17/2021,5,5,8.51,8,M,Person,1,office,spider,1,1,spider,because he said it was his favorite to her,,,,1,1,1,1,1,1,1,1,1,1,1,0,0,3,3,6,7,9,7,11,0,0,NA,0,
AlexaEmbodiment_211117_20_GD,ob009,1,1,1,1,1,11/17/2021,5,5,5.42,5,F,VUI,1,office,spider,1,1,spider,because it's his favorite song,,,,1,1,1,1,1,1,1,1,1,0,0,0,0,3,3,6,6,9,7,9,1,0,Siri,0,
AlexaEmbodiment_211117_21_GD,ob091,1,1,1,1,1,11/17/2021,5,5,7.84,7,F,Person,1,office,spider,1,1,wheels,i don't know,,,,1,1,1,1,1,1,1,1,1,0,0,1,1,3,3,6,7,9,7,11,1,1,Alexa,3,
AlexaEmbodiment_211118_22_LL,ob010,1,1,1,1,1,11/18/2021,5,5,7.82,7,F,VUI,1,office,spider,1,1,spider,because he told the first Paisia that that was his favorite song,1,1,1,1,1,1,1,1,1,1,1,1,1,1,1,1,3,3,6,8,9,7,13,1,0,Siri,0,
AlexaEmbodiment_211119_23_LL,oc730,1,1,1,1,1,11/19/2021,5,5,3.93,3,F,VUI,1,office,spider,1,1,wheels,"""because I heard it before"" (I think recency effect, originally said ""IDK"" + had to promt response to take a guess)",IDK,IDK,1,1,0,1,0,1,1,0,1,1,0,0,1,0,0,0,3,4,6,4,7,1,1,Alexa,1,got confused with who is Scotty and who is Paisia was for Scotty shirt question
AlexaEmbodiment_211119_24_LL,oc340,1,1,1,1,1,11/19/2021,5,5,5.01,5,F,VUI,1,office,spider,1,1,spider,because on the first time she said the itsy bitsy spider ,N,Y,Y,1,0,1,0,1,1,0,1,1,1,1,1,1,0,0,3,5,6,4,10,1,1,"Alexa, Google",2,"thought Scotty's shirt was ""white"" (I think because Paisia is white)"
AlexaEmbodiment_211119_25_LL,oc800,1,2,1,1,1,11/19/2021,5,5,5.01,5,M,VUI,1,office,spider,1,1,spider,because she didn't know the other one,Y,Y,Y,1,0,1,1,1,1,0,1,1,1,1,0,0,1,1,4,5,7,5,9,1,1,Google,1,
AlexaEmbodiment_211129_26_GD,oc715,1,3,1,1,1,11/29/21,5,5,4.87,4,M,VUI,1,office,spider,1,1,spider,because it's his favorite,1,1,1,1,1,1,1,1,1,1,1,1,1,1,1,1,3,3,6,8,9,7,13,1,1,Alexa,1,
AlexaEmbodiment_211129_27_GD,oc922,1,3,1,0,0,11/29/21,5,5,3.87,3,F,Person,1,office,spider,0,0,don't know,,NA,NA,NA,NA,NA,NA,NA,NA,NA,NA,NA,NA,NA,NA,NA,NA,0,0,0,0,0,0,0,1,1,Siri/Homepod,1,failed memory checks so skipped booklet
AlexaEmbodiment_211129_28_GD,ob189,1,2,1,1,1,11/29/21,5,5,7.79,7,F,Person,1,office,spider,1,1,spider,because he told her that his favorite song is the itsy bitsy spider,1,1,1,1,1,1,1,1,1,1,1,1,1,1,1,1,3,3,6,8,9,7,13,1,1,Siri and Echo at grandma's house,0,
AlexaEmbodiment_211129_29_GD,ob007,1,2,1,1,1,11/29/21,5,5,6.45,6,F,Person,1,office,spider,1,1,spider,because in the first time Scotty said it's his favorite song,NA,NA,NA,1,1,0,1,1,1,1,1,1,1,1,0,0,3,3,6,6,8,6,10,1,1,Alexa,5,gave away the smart speakers about a year ago; no longer have them
AlexaEmbodiment_211201_30_GD,ob491,1,2,1,1,1,12/1/21,5,5,5.55,5,F,Person,1,office,spider,1,1,spider,,1,,1,1,1,1,1,1,1,1,1,1,1,1,1,1,3,3,6,8,9,7,13,1,1,Alexa,2,
AlexaEmbodiment_211202_31_GD,oc676,1,2,1,1,1,12/2/21,5,5,4.96,4,M,Person,4,kitchen,wheels,1,1,wheels,because it's his favorite song,1,1,1,1,1,1,1,1,1,1,1,1,1,1,1,1,3,3,6,8,9,7,13,1,1,Alexa,2,
AlexaEmbodiment_211202_32_GD,oc514,1,2,1,1,1,12/2/21,5,5,4.13,4,F,Person,4,kitchen,wheels,1,1,spider,because he likes it,1,1,1,0,1,0,0,1,0,0,1,1,0,0,1,0,1,1,3,2,4,2,5,0,0,NA,0,
AlexaEmbodiment_211203_33_LL,od090,1,2,1,1,1,12/3/21,5,5,3.97,3,M,Person,1,office,spider,1,1,spider,because thats Scotty's favorite song in the first one,Y,Y,Y,1,1,1,0,1,1,0,1,1,0,0,1,0,1,1,4,5,7,5,8,1,1,Google home,5,
AlexaEmbodiment_211203_34_LL,od134,1,2,1,0,0,12/3/21,4,5,3.3,3,M,VUI,2,office,wheels,0,0,spider,because she did that [inaudible] (after?),NA,NA,NA,NA,NA,NA,NA,NA,NA,NA,NA,NA,NA,NA,NA,NA,0,0,0,0,0,0,0,1,1,Alexa,1,
AlexaEmbodiment_211206_35_GD,ob029,1,1,1,1,1,12/6/21,5,5,6.48,6,F,VUI,4,kitchen,wheels,1,1,wheels,because at the beginning he told her first that his favorite song was that one,Y,N,Y,1,1,1,1,1,1,1,1,1,1,1,1,1,3,3,6,8,9,7,13,1,1,Amazon Eco and Google Home,2,smart speakers are different brands
AlexaEmbodiment_211207_36_GD,oc873,1,2,0,0,0,12/7/21,5,4,5.65,5,F,VUI,4,kitchen,wheels,0,0,wheels,because it's his favorite song,Y,N,Y,NA,NA,NA,NA,NA,NA,NA,NA,NA,NA,NA,NA,NA,0,0,0,0,0,0,0,0,0,NA,0,langauge barrier; child did not understand
AlexaEmbodiment_211207_37_GD,oc640,1,2,1,1,1,12/7/21,5,5,5.98,5,F,VUI,4,kitchen,wheels,1,1,spider,because he talked to the other Paisia,Y,N,Y,1,0,0,0,1,1,1,1,1,1,1,0,0,1,1,4,4,6,4,8,1,1,Google Home Mini,1,spaking English 2.5 years
AlexaEmbodiment_211207_38_GD,ob255,1,1,1,1,1,12/7/21,5,5,5.81,5,M,Person,2,office,wheels,1,1,wheels,because he likes it,Y,Y,Y,1,1,1,1,0,1,1,0,1,0,0,1,0,3,3,4,7,7,7,8,1,1,Alexa,4,
AlexaEmbodiment_211207_39_GD,oc555,1,2,1,1,1,12/7/21,5,5,5.72,5,M,VUI,3,kitchen,spider,1,1,spider,because the Paisia played it before the wheels on the bus,Y,N,Y,1,1,1,0,1,1,1,1,1,0,0,0,0,2,2,5,5,8,6,8,1,0,Siri,0,
AlexaEmbodiment_211208_40_GD,oc311,1,2,1,1,1,12/8/21,5,5,5,5,M,Person,3,kitchen,spider,1,1,wheels,because he likes it,Y,Y,Y,1,1,0,1,1,0,0,1,1,1,1,1,0,2,1,4,5,6,4,9,0,0,NA,0,
AlexaEmbodiment_211208_41_GD,od047,1,1,1,1,1,12/8/21,3,3,5.65,5,M,Person,4,kitchen,wheels,1,1,wheels,because he likes it,Y,Y,Y,1,1,1,1,1,1,1,1,1,1,1,1,1,3,3,6,8,9,7,13,1,0,Siri,0,
AlexaEmbodiment_220110_42_LL,oc228,1,3,1,1,1,1/10/22,5,5,3.07,3,prefer not to answer,VUI,2,office,wheels,1,1,spider,,Y,Y,Y,0,0,0,0,0,0,0,0,0,0,0,0,0,0,0,0,0,0,0,0,0.5,0,Siri,0,"didn't get ""who is Scotty talking to"" both times, was distracted during first few videos shown"
AlexaEmbodiment_220110_43_GD,ob191,1,2,1,1,1,1/10/22,5,5,6.41,6,M,VUI,2,office,wheels,1,1,wheels,because he said that his song was the wheels on the bus,Y,N,Y,1,1,1,1,1,1,1,1,1,1,0,1,0,3,3,6,8,9,7,11,1,1,Google,2,
AlexaEmbodiment_220110_44_GD,ob203,1,2,1,1,1,1/10/22,5,5,5.82,5,non-binary,VUI,3,kitchen,spider,1,1,wheels,because he said it after,Y,N,Y,1,1,1,1,1,1,1,1,1,0,1,0,1,3,3,6,6,9,7,11,1,1,Alexa,1,
AlexaEmbodiment_220111_45_GD,ob342,1,2,1,0,0,1/11/22,1,1,3.49,3,prefer not to answer,Person,2,office,wheels,1,1,wheels,NA,Y,Y,sometimes,0,0,1,1,0,1,0,1,1,0,0,1,0,1,1,3,4,5,4,6,1,1,Alexa,2,video skipped; and sound was glitching
AlexaEmbodiment_220112_46_GD,ob588,1,2,1,1,1,1/12/22,5,3,4.08,4,F,Person,3,kitchen,spider,1,1,wheels,,Y,Y,Y,1,0,1,0,0,1,0,0,0,1,0,1,0,0,0,1,5,3,3,5,1,1,Amazon Echo Dot,1,sound skipped a little bit but was not an issue
AlexaEmbodiment_220112_47_LL,ob325,1,3,1,1,1,1/12/22,5,5,4.66,4,F,VUI,1,office,spider,1,1,spider,because he told that one that he likes itsy bitsy spider,Y,N,Y,1,1,1,1,1,1,1,1,1,0,0,0,0,3,3,6,6,9,7,9,0,0,NA,0,"mom mentioned she thinks her child thinks of SS as a person like a telephone, this video also seems like a good example video (and lv 3 consent)"
AlexaEmbodiment_220112_48_LL,ob115,1,3,1,1,1,1/12/22,5,5,5.91,5,M,VUI,2,office,wheels,1,1,wheels,because he said my favorite song was wheels on the bus,Y,N,Y,1,1,1,1,1,1,1,1,1,1,1,0,0,3,3,6,7,9,7,11,1,1,Amazon Echo,1,
AlexaEmbodiment_220112_49_LL,ob171,1,3,1,1,1,1/12/22,5,5,6.33,6,F,VUI,1,office,spider,1,1,spider,because he told that Paisia he likes that song,Y,Y,Y,1,1,1,1,1,1,1,1,1,1,1,1,1,3,3,6,8,9,7,13,1,1,Amazon Echo,1,
AlexaEmbodiment_220112_50_LL,ob117,1,2,1,1,1,1/12/22,5,5,6.62,6,M,VUI,3,kitchen,spider,1,1,spider,because its his favorite song,Y,N,Y,1,1,1,1,1,1,1,1,1,1,1,1,1,3,3,6,8,9,7,13,1,1,Amazon Echo,3,"3 echos, only talks with 2 of them"
AlexaEmbodiment_220113_51_GD,ob276,1,2,1,1,1,1/13/22,5,4,7.08,7,M,VUI,2,office,wheels,1,1,spider,because he joked about the wheels on the bus so he said his real one was the itsy bitsy spider,Y,N,Y,1,1,1,1,1,1,1,1,1,0,0,0,0,3,3,6,6,9,7,9,1,1,Amazon Echo,2,2 alexas but one is built into fridge
AlexaEmbodiment_220113_52_GD,oa064,1,2,1,1,1,1/13/22,5,5,6.58,6,F,Person,3,kitchen,spider,1,1,spider,because he likes that song,Y,Y,Y,1,1,1,1,1,1,1,1,1,0,0,1,1,3,3,6,7,9,7,11,1,1,Amazon Echo,3,"echos in kitchen, parent bedroom, and child's bedroom"
AlexaEmbodiment_220118_53_GD,oc412,1,3,1,1,1,1/18/22,5,5,4.92,4,F,VUI,2,office,wheels,1,1,wheels,because it's his favorite song,Y,Y,Y,1,1,1,1,1,1,1,1,1,1,1,1,1,3,3,6,8,9,7,13,0,0,NA,0,probably a good example video
AlexaEmbodiment_220118_54_GD,ob212,1,2,1,1,1,1/18/22,5,5,6.89,6,F,Person,2,office,wheels,1,1,wheels,because he told her that his favorite song was wheels on the bus but then he told the other Paisia his favorite song was itsy bitsy spider,Y,Y,Y,1,0,1,1,1,1,1,1,1,1,1,1,1,2,2,5,7,8,6,12,1,1,Google Home,1,in living room
AlexaEmbodiment_220118_55_GD,oc296,1,1,1,1,1,1/18/22,5,5,6.09,6,F,Person,4,kitchen,wheels,1,1,wheels,"because when he went in there first, they listened to wheels to wheels on the bus",Y,Y,Y,1,1,1,1,1,1,1,1,1,1,1,1,1,3,3,6,8,9,7,13,0,0,NA,0,Google Home at grandparent's in a different city
AlexaEmbodiment_220118_56_GD,oc431,1,3,1,1,1,1/18/22,5,3,8.09,8,F,VUI,4,kitchen,wheels,1,1,wheels,"maybe the wheels on the bus. because he told that one. because he said his favorite song was actually the itsy bitsy spider to the one in the office. But im not sure if they like–if the Paisia is connected to the other Paisia so they both take on the same information; after he tells one, the other one knows that and after he tells the other one something different the first one knows that?",Y,N,Y,1,1,1,1,1,1,1,1,1,1,1,1,1,3,3,6,8,9,7,13,1,1,Alexa,7,GREAT explanation; SS in basically every room...
AlexaEmbodiment_220118_57_GD,oc698,1,3,1,1,1,1/18/22,5,3,3.85,3,F,Person,4,kitchen,wheels,1,1,spider,i don't know,Y,Y,Y,1,1,0,1,0,0,0,0,0,0,0,0,0,2,1,2,3,3,3,3,1,1,Google Home,1,family room
AlexaEmbodiment_220118_58_GD,ob472,1,1,1,1,1,1/18/22,5,5,3.68,3,F,VUI,4,kitchen,wheels,1,1,spider,because it' his favorite,Y,N,Y,1,1,0,0,0,1,0,1,1,0,0,0,1,1,1,3,3,0,4,6,1,1,Google Home,2,kitchen and playroom
AlexaEmbodiment_220118_59_GD,oc393,1,3,1,0,0,1/19/22,5,3,3.35,3,M,Person,3,kitchen,spider,1,1,spider,no answer,Y,Y,Y,0,1,NA,0,NA,0,0,NA,NA,NA,NA,NA,NA,1,1,1,1,0,1,1,1,0,Siri,0,did not understand everything; english not good enough to produce responses
AlexaEmbodiment_220119_60_LL,oc853,1,2,1,1,1,1/19/22,5,5,4.85,4,F,VUI,2,office,wheels,1,1,wheels,because he wants it,Y,N,Y,1,1,1,1,1,1,1,1,1,1,1,1,1,3,3,6,8,9,7,13,1,1,Amazon Echo,2,
AlexaEmbodiment_220119_61_LL,oc690,1,3,1,1,1,1/19/22,5,5,6.35,6,F,Person,4,kitchen,wheels,1,1,wheels,because she knows that thats his favorite song,Y,Y,Y,1,1,1,1,1,1,1,1,1,1,1,1,1,3,3,6,8,9,7,13,1,1,Amazon Echo,3,
AlexaEmbodiment_220119_62_LL,oc494,1,3,1,1,1,1/19/22,5,5,6.93,6,F,VUI,2,office,wheels,1,1,wheels,"because he told paisia before that his favorite song was the wheels on the bus, not the itsy bitsy spider, thats the second paisia",Y,N,Y,1,1,0,1,1,1,1,1,1,1,1,1,1,3,3,6,7,8,6,12,1,1,Amazon Echo Dot,1,
AlexaEmbodiment_220119_63_LL,ob163,1,3,1,1,1,1/19/22,5,5,6.77,6,M,VUI,3,office,spider,1,1,spider,because he said my favorite one is the itsy bitsy spider,Y,N,Y,1,1,0,0,1,1,1,1,1,1,1,1,0,2,2,5,6,7,5,10,0,0,NA,0,
AlexaEmbodiment_220120_64_GD,oc285,1,1,1,1,1,1/20/22,5,3,7.77,7,F,Person,4,kitchen,wheels,1,1,wheels,because that's what Scotty told her,Y,Y,Y,1,1,1,1,1,1,1,1,1,1,1,1,1,3,3,6,8,9,7,13,1,0,Amazon Echo,2,"has echos in home, but just got them 4 days prior"
AlexaEmbodiment_220120_65_GD,oc414,1,1,1,1,1,1/20/22,3,3,7.1,7,F,VUI,3,office,spider,1,1,spider,because Scotty told him to,Y,N,Y,1,1,1,1,1,1,1,1,1,1,1,1,1,3,3,6,8,9,7,13,0,0,NA,0,had some glitchy sound issues
AlexaEmbodiment_220120_66_GD,oc436,1,1,1,1,1,1/20/22,5,5,4.1,4,F,VUI,3,office,spider,1,1,spider,i don't know,N,N,Y,1,1,1,0,0,1,1,0,1,0,0,0,0,2,2,3,5,6,6,6,1,0,NA,0,
AlexaEmbodiment_220120_67_GD,od008,1,2,1,1,1,1/20/22,5,5,7.52,7,F,Person,2,office,wheels,1,1,wheels,because the first time he said that it was wheels on the bus and not the itsy bitsy spider,Y,Y,Y,1,1,1,1,1,1,1,1,1,1,1,1,1,3,3,6,8,9,7,13,1,0,NA,0,
AlexaEmbodiment_220120_68_GD,ob302,1,1,1,1,1,1/20/22,5,5,6.04,6,F,Person,3,office,spider,1,1,spider,because it's his favorite song,Y,Y,Y,1,1,1,1,1,0,1,1,1,1,1,0,0,3,2,5,6,8,6,10,1,1,Google home and nest hub,2,
AlexaEmbodiment_220124_69_LL,oc392,1,2,1,1,1,1/24/22,5,4,3.78,3,F,VUI,3,kitchen,spider,1,1,spider,I dont know,Y,Y,Y,1,0,1,0,0,1,0,0,0,0,0,0,0,0,0,1,3,3,3,3,1,1,Google home mini,3,"Didn't remember names of Simon/Paisia well, and said IDK at first to the second song mem check question, but answered correctly when I asked ""do you remember which song just played?"" unsure if should count for memory check or not"
AlexaEmbodiment_220124_70_LL,oc375,1,3,1,1,1,1/24/22,5,5,4.28,4,non-binary,Person,2,office,wheels,1,1,spider,because Scotty likes it,Y,Y,Y,0,1,0,0,0,1,1,0,0,NA,NA,0,0,2,2,3,3,3,3,3,0,0,NA,0,Child's name is Joe so might've gotten confused on the Joe questions
AlexaEmbodiment_220124_71_LL,oc736,1,2,1,1,1,1/24/22,5,3,4.44,4,F,VUI,3,kitchen,spider,1,1,spider,I don't know,Y,N,N,1,1,1,0,0,1,0,0,1,1,0,1,0,1,1,2,6,5,5,7,1,1,Amazon Echo,2,Strugged with why questions
AlexaEmbodiment_220124_72_GD,oc446,1,2,1,1,1,1/24/22,5,3,6.94,6,M,Person,3,kitchen,spider,1,1,spider,because she doesn't know that he told the other Paisia that wheels on the bus was his favorite song,N,N,N,1,1,1,1,1,1,1,1,1,0,0,0,0,3,3,6,6,9,7,9,1,0,Alexa at dad's house,0,
AlexaEmbodiment_220125_73_GD,od218,1,3,1,1,1,1/25/22,5,5,3.15,3,F,VUI,3,kitchen,spider,1,1,wheels,because,Y,Y,Y,1,0,1,0,0,0,0,0,0,0,0,1,0,0,0,0,3,2,2,3,1,1,Alexa,2,bedroom and family room
AlexaEmbodiment_220125_74_GD,oc540,1,2,1,1,1,1/25/22,5,5,5.11,5,M,Person,3,kitchen,spider,1,1,spider,because it's his favortie song,Y,Y,Y,1,0,1,0,0,1,0,1,1,0,0,0,0,0,0,2,3,5,4,5,1,1,Google Home,1,kitchen
AlexaEmbodiment_220125_75_GD,oc486,1,1,1,1,1,1/25/22,5,5,7.61,7,M,VUI,2,office,wheels,1,1,spider,because the other Google thinks that his favorite song is the Itsy Bitsy spider,Y,N,Y,1,1,1,1,1,1,1,1,1,1,1,1,1,3,3,6,8,9,7,13,1,1,Google Home,5,"parent bedroom, kid's rooms, living room"
AlexaEmbodiment_220125_76_GD,oc834,1,1,1,1,1,1/25/22,5,5,3.78,3,F,Person,3,kitchen,spider,1,1,spider,i don't know,Y,Y,Y,1,1,0,1,1,1,1,1,1,0,0,0,0,3,3,6,5,8,6,8,1,1,Alexa (Echo),2,siblings rooms
AlexaEmbodiment_220126_77_GD,oc667,1,3,1,1,1,1/26/22,5,5,8.36,8,F,Person,2,office,wheels,1,1,wheels,because she thinks it's his favorite song,Y,Y,Y,1,1,0,1,1,1,1,1,1,1,1,1,1,3,3,6,7,8,6,12,1,1,Alexa (Echo),2,playroom and kitchen
AlexaEmbodiment_220126_78_GD,oc739,1,2,1,1,1,1/26/22,5,5,4.87,4,M,VUI,4,kitchen,wheels,1,1,spider,i don't know,Y,Y,Y,1,0,1,0,0,1,0,0,0,1,0,0,0,0,0,1,4,3,3,4,1,1,Homepod,2,kitchen and living room
AlexaEmbodiment_220126_79_GD,oc918,1,1,1,1,1,1/26/22,5,5,4.7,4,F,Person,2,office,wheels,1,1,wheels,because that's his favorite song,Y,Y,Y,1,1,1,0,1,1,0,1,1,0,1,0,0,1,1,4,4,7,5,8,0,0,NA,0,
AlexaEmbodiment_220126_80_LL,oc653,1,1,1,1,1,1/26/22,5,5,7.91,7,F,VUI,2,office,wheels,1,1,wheels,because thats what it heard him say first,Y,N,Y,1,1,1,1,1,1,1,1,1,1,1,1,1,3,3,6,8,9,7,13,0,0,NA,0,
AlexaEmbodiment_220126_81_LL,oc849,1,2,1,1,1,1/26/22,5,5,4.87,4,M,VUI,4,kitchen,wheels,1,1,wheels,(unsure what child said),Y,N,Y,1,0,1,0,0,1,1,1,1,0,0,0,0,1,1,3,4,6,5,6,0,0,NA,0,"understands English perfectly but really hard for me to understand the child's speech (difficult to understand if some ""why"" answers are correct or not because hard to tell what child is saying)"
AlexaEmbodiment_220126_82_LL,oc897,1,1,1,1,1,1/26/22,5,5,8.62,8,F,VUI,3,kitchen,spider,1,1,wheels,"because the two Paisias, they must be connected together because they have the same voice and everything, and even though thats just like alexa where all the alexas are connected together, so if he said my favorite song is wheels on the bus then maybe it will be like his favorite song is still wheels on the bus on that one",Y,N,Y,1,1,1,1,1,1,1,1,1,1,1,1,1,3,3,6,8,9,7,13,1,1,Amazon Echo,2,"GREAT explanation, technology issues (first kitchen/spider video stopped halfway through) so I re-played the first video"
AlexaEmbodiment_220129_83_GD,oc788,1,1,1,1,1,1/29/22,5,5,8.16,8,M,Person,4,kitchen,wheels,1,1,wheels,because he said that before he talked to the other Paisia,Y,Y,Y,1,1,1,1,1,1,1,1,1,1,1,1,1,3,3,6,8,9,7,13,1,1,Amazon Echo,1,
AlexaEmbodiment_220131_84_LL,od255,1,2,1,1,1,1/31/22,5,5,5.73,5,F,Person,4,kitchen,wheels,1,1,wheels,because its Scotty's favorite song,Y,Y,Y,1,1,1,1,1,1,1,1,1,1,1,1,1,3,3,6,8,9,7,13,1,1,Amazon Echo,2,"kitchen, living room; noticed audio in second video (office, spider) was a lot quieter in Person version 4 but didn't seem to impact understanding"
AlexaEmbodiment_220131_85_LL,oc899,1,3,1,1,1,1/31/22,5,5,4.31,4,F,Person,2,office,wheels,1,1,wheels,because he says its his favorite song,Y,Y,N,1,1,1,1,1,1,1,1,1,1,1,1,1,3,3,6,8,9,7,13,0.5,0,"Siri, Google (on phone), Alexa",0,"only observed Siri/Google, not talk directly to SS, Alexa in grandparents house"
AlexaEmbodiment_220131_86_LL,oc827,1,3,1,1,1,1/31/22,5,5,4.13,4,F,Person,2,office,wheels,1,1,wheels,im not sure,Y,Y,Y,1,0,1,0,0,1,1,0,1,0,0,0,0,1,1,2,4,5,5,5,1,1,"Siri, Alexa (2) in bedroom and family room",2,struggled with why questions
AlexaEmbodiment_220131_87_GD,ob703,1,2,1,1,1,1/31/22,5,3,7.63,7,M,Person,1,office,spider,1,1,spider,because it's his favorite song,NA,NA,NA,1,1,1,1,1,1,1,1,1,1,1,1,1,3,3,6,8,9,7,13,1,0,Siri,0,child was hearing impaired; needed to repeat videos and someo of the dialogue for chld to understand
AlexaEmbodiment_220201_88_GD,od230,1,1,1,0,1,2/1/22,5,5,3.55,3,M,Person,3,kitchen,spider,1,1,wheels,i dont know,N,Y,Y,1,1,0,1,0,0,1,NA,NA,NA,NA,NA,NA,3,2,3,4,4,4,4,1,1,Amazon Echo,2,oldest child room and dining room; quit before finishing
AlexaEmbodiment_220201_89_GD,od231,1,1,1,1,1,2/1/22,5,5,8.8,8,F,VUI,3,kitchen,spider,1,1,spider,because he told that Paisia that his favorite song is the itsy bitsy spider,Y,N,Y,1,1,1,1,1,1,1,1,1,1,1,1,1,3,3,6,8,9,7,13,1,1,Amazon Echo,2,oldest child room and dining room
AlexaEmbodiment_220201_90_GD,od232,1,1,1,1,1,2/1/22,5,5,5.55,5,M,VUI,3,kitchen,spider,1,1,spider,because he played it the other time,Y,N,Y,1,1,1,1,1,1,1,1,1,1,1,0,0,3,3,6,7,9,7,11,1,1,Amazon Echo,2,oldest child room and dining room
AlexaEmbodiment_220201_91_GD,od235,1,1,1,1,1,2/1/22,5,5,8.16,8,M,Person,3,kitchen,spider,1,1,spider,because she knows that's his favorite,NA,NA,NA,1,1,1,1,1,1,1,1,1,1,0,1,1,3,3,6,8,9,7,12,1,0,Alexa,0,on a Kindle Fire
AlexaEmbodiment_220202_92_GD,od238,1,1,1,1,1,2/2/22,5,5,3.04,3,F,Person,2,office,wheels,1,1,spider,I think it's jumping up and down,IDK,IDK,Y,1,0,0,1,0,1,0,0,0,1,0,0,0,1,1,2,4,3,3,4,1,1,Homepod and Echo,2,child said IDK a lot but answered on force choice
AlexaEmbodiment_220202_93_LL,od249,1,2,1,1,1,2/2/22,5,5,7.11,7,F,VUI,4,kitchen,wheels,1,1,spider,"because he told the second one, which is probably connnected to the first one... and he said his favorite song was the itsy bitsy spider",Y,N,Y,1,1,1,1,1,1,1,1,1,0,0,0,0,3,3,6,6,9,7,9,0,0,NA,0,
AlexaEmbodiment_220202_94_LL,oc245,1,2,1,1,1,2/2/22,3,5,7.43,7,M,Person,2,office,wheels,1,1,wheels,because he said thats his favorite song,Y,Y,Y,0,1,0,0,0,1,0,0,1,1,1,1,1,1,1,2,4,3,3,7,1,1,Alexa,2,said the videos froze a bit
AlexaEmbodiment_220202_95_LL,ob304,1,2,1,1,1,2/2/22,5,5,7.8,7,F,VUI,4,kitchen,wheels,1,1,wheels,"because he said on the ohter paisia to play the itsy bitsy spider, and then on this one he said to play the wheels on the bus",Y,N,Y,1,1,1,1,1,1,1,1,1,1,1,1,1,3,3,6,8,9,7,13,1,1,Google (Google Home),3,"kitchen, family, office"
AlexaEmbodiment_220203_96_GD,od239,1,1,1,1,1,2/3/22,5,5,8.76,8,F,Person,1,office,spider,1,1,spider,because he told her that his favorite song was itsy bitsy spider,N,N,N,1,1,1,1,1,1,1,1,1,1,1,1,1,3,3,6,8,9,7,13,1,1,Alexa,1,kitchen
AlexaEmbodiment_220203_97_GD,od241,1,1,1,1,1,2/3/22,5,5,3.37,3,M,VUI,2,office,wheels,1,1,spider,because he loves it,Y,Y,Y,0,0,0,1,0,0,0,0,0,0,0,0,0,1,0,1,1,1,1,1,1,1,Alexa,1,kitchen
AlexaEmbodiment_220206_98_LL,oc528,1,2,1,1,1,2/7/22,5,5,7.65,7,M,Person,3,kitchen,spider,1,1,spider,because he only told him that,Y,Y,Y,1,1,1,1,1,1,0,0,1,1,0,1,0,2,2,4,7,7,6,9,1,1,"Alexa (Echo Dot), Siri",3,"kitchen, living room, bed; was a bit difficult to understand child's language, also seemed easily distracted/ very energetic, Carrie question a bit difficult (took many prompts to get to answer and had to say blue/green snack)"
AlexaEmbodiment_220206_99_LL,oc625,1,3,1,1,1,2/7/22,5,5,8.67,8,M,VUI,2,office,wheels,1,1,wheels,because he told that one that it was his favorite.,Y,N,Y,1,1,1,1,1,1,1,1,1,1,0,0,0,3,3,6,7,9,7,10,1,1,"Alexa, Siri",1,living room
AlexaEmbodiment_220208_100_GD,ob401,1,3,1,1,1,2/8/22,5,5,8.57,8,M,Person,3,kitchen,spider,1,1,spider,because he lied to her that the itsy bitsy spider was his favorite song,Y,Y,Y,1,1,1,1,1,1,1,1,1,1,1,1,1,3,3,6,8,9,7,13,1,1,Alexa,2,"bedroom, kitchen"
AlexaEmbodiment_220208_101_GD,ob400,1,3,1,1,1,2/8/22,5,5,7.57,7,M,Person,4,kitchen,wheels,1,1,wheels,because it's his favorite song,Y,Y,Y,1,1,1,1,1,1,1,1,1,1,1,1,1,3,3,6,8,9,7,13,1,1,Alexa,2,"bedroom, kitchen"
AlexaEmbodiment_220208_102_GD,oc283,1,3,1,1,1,2/8/22,5,5,8.9,8,F,VUI,4,kitchen,wheels,1,1,wheels,because at the beginning Scotty said that it was his favorite song,Y,N,Y,1,1,1,1,1,1,1,1,1,0,1,1,1,3,3,6,7,9,7,12,1,0,Alexa on a tablet,0,
AlexaEmbodiment_220210_103_GD,oc244,1,2,1,1,1,2/10/22,5,5,8.66,8,F,Person,2,office,wheels,1,1,spider,because it's his favorite song,Y,Y,Y,1,1,1,1,1,1,1,1,1,1,1,1,1,3,3,6,8,9,7,13,1,0,Google on a tablet,0,identical twin
AlexaEmbodiment_220210_104_GD,oc284,1,2,1,1,1,2/10/22,5,5,8.66,8,F,VUI,3,kitchen,spider,1,1,spider,because he said that to that Paisia,Y,N,Y,1,1,1,1,1,1,1,1,1,1,1,0,0,3,3,6,7,9,7,11,1,0,Google on a tablet,0,identical twin
AlexaEmbodiment_220210_105_GD,od275,1,2,1,1,1,2/10/22,5,5,7.58,7,F,Person,4,kitchen,wheels,1,1,wheels,because Scotty told her that his favorite song is wheels on the bus,Y,Y,Y,1,1,1,1,1,1,1,1,1,1,1,1,1,3,3,6,8,9,7,13,1,0,Siri on phone,0,
AlexaEmbodiment_220214_106_LL,oc875,1,1,1,1,1,2/14/2022,5,5,7.73,7,F,VUI,3,kitchen,spider,1,1,spider,because he told this Paisia that his favorite song was the itsy bitsy spider,Y,N,N,1,1,1,1,1,1,1,1,1,1,1,1,1,3,3,6,8,9,7,13,1,1,Alexa (device),2,"office, bedroom"
AlexaEmbodiment_220214_107_LL,ob123,1,2,1,1,1,2/14/2022,5,5,8.29,8,M,VUI,1,office,spider,1,1,spider,because this Paisia doesnt know that his actual favorite song is Wheels on the Bus,Y,N,Y,1,1,1,1,1,1,1,1,1,1,1,1,1,3,3,6,8,9,7,13,0,0,NA,0,Originally marked as SS-yes but child said he hadn't spoken to siri/alexa/google before
AlexaEmbodiment_220214_108_LL,oc554,1,2,1,1,1,2/14/2022,5,5,8.38,8,F,Person,2,office,wheels,1,1,wheels,because he told her that his favorite song was the wheels on the bus,Y,Y,Y,1,1,1,1,1,1,1,1,1,1,0,1,1,3,3,6,8,9,7,12,1,1,Alexa,0,"Alexa not in home but has used friend's Alexa at their house; younger sibling watched session very intently (minor interference, shouldn't mess with data) but shouldn't test younger sibling since already observed study (not signed up to my knowledge)"
AlexaEmbodiment_220215_109_AD,od312,1,2,1,1,1,2/15/22,5,5,5.45,5,M,Person,2,office,wheels,1,1,wheels,because he didn't tell him what the song was,Y,Y,Y,1,1,1,1,1,1,1,1,1,1,1,1,1,3,3,6,8,9,7,13,1,1,Alexa / google on phone / amazon dot,1,
AlexaEmbodiment_220215_110_AD,oc894,1,3,1,1,1,2/15/22,5,5,8.25,8,M,VUI,1,office,spider,1,1,spider,because he said it to the other paisia not this paisia,Y,N,Sorta,1,1,1,1,1,1,1,1,1,1,0,1,1,3,3,6,8,9,7,12,1,1,Alexa,5,"4 echos and 1 echo show, including kid friendly version in child's room"
AlexaEmbodiment_220215_111_AD,od302,1,2,1,0,0,2/15/22,5,5,3.22,3,M,NA,NA,NA,NA,NA,NA,NA,NA,NA,NA,NA,NA,NA,NA,NA,NA,NA,NA,NA,NA,NA,NA,NA,NA,0,0,0,0,0,0,0,NA,NA,NA,NA,child was shy and did not want to continue game
AlexaEmbodiment_220216_112_GD,od313,1,2,1,1,1,2/16/22,5,5,3.29,3,F,Person,4,kitchen,wheels,1,1,spider,it's his favorite song,Y,Y,Y,1,0,1,0,1,1,0,1,0,0,0,1,0,0,0,3,4,5,3,6,1,1,Echo dot,1,living room
AlexaEmbodiment_220216_113_LL,oc301,1,2,1,1,1,2/16/22,5,5,7.09,7,M,Person,3,office,spider,1,1,spider,because in the beggining she played it,Y,Y,Y,1,1,1,1,1,1,1,1,1,1,1,1,1,3,3,6,8,9,7,13,0,0,NA,0,
AlexaEmbodiment_220217_114_AD,od299,1,2,1,1,1,2/17/22,5,4,7.35,7,F,Person,3,office,spider,1,1,spider,because its his favorite song and Scotty asked her to do it,Y,Y,Y,1,1,1,1,1,1,1,1,1,1,1,1,1,3,3,6,8,9,7,13,1,0,Alexa and siri (on phone / tv),0,
AlexaEmbodiment_220217_115_AD,od320,1,3,1,1,1,2/17/22,5,5,7.09,7,M,Person,3,office,spider,1,1,spider,because that the guy on the right told the paisia on the left that his favorite song was the itsy bitsy spider,Y,Y,Y,1,1,1,1,1,1,1,1,1,1,1,1,1,3,3,6,8,9,7,13,1,1,Siri and google home,3,"office, family room, and older boy's room"
AlexaEmbodiment_220218_116_GD,od202,1,2,1,0,0,2/18/22,5,5,5.45,5,F,VUI,4,kitchen,wheels,1,1,wheels,because that's what he told her,Y,N,Y,1,1,1,1,1,1,1,1,1,1,1,1,1,3,3,6,8,9,7,13,0,0,NA,0,watched sibling participate on 2/14
AlexaEmbodiment_220221_117_LL,od164,1,1,1,1,1,2/21/22,5,5,8.94,8,F,Person,4,kitchen,wheels,1,1,wheels,because thats what he told her that was his favorite,Y,Y,Y,1,1,1,1,1,1,1,1,1,1,1,1,1,3,3,6,8,9,7,13,1,1,Alexa,5,"kitchen, sun room, office, living room"
AlexaEmbodiment_220221_118_LL,oc888,1,3,1,1,1,2/21/22,5,5,7.86,7,M,VUI,3,kitchen,spider,1,1,spider,because he told her it was his favorite song,Y,N,Y,1,1,1,1,1,1,1,1,1,1,1,1,1,3,3,6,8,9,7,13,1,1,Alexa,1,child's room
AlexaEmbodiment_220221_119_LL,oc551,1,2,1,1,1,2/21/22,5,5,7.94,7,F,Person,2,office,wheels,1,1,wheels,because she did that last time,Y,Y,Y,1,1,1,1,1,1,1,1,1,1,1,1,1,3,3,6,8,9,7,13,1,0,"Siri (on phone), Alexa (on tablet, only in the past)",0,
AlexaEmbodiment_220221_120_AD,ob626,1,3,1,1,1,2/21/22,5,5,3.35,3,M,Person,2,office,wheels,1,1,spider,i dont know ,Y,Y,Y,1,0,0,0,0,1,0,0,0,0,0,0,0,0,0,1,2,2,2,2,0,0,NA,0,
AlexaEmbodiment_220224_121_AD,ob257,1,1,1,1,1,2/24,5,5,6.53,6,F,VUI,1,office,spider,1,1,spider,because he said he likes that song,Y,N,Y,1,1,1,1,1,1,1,1,1,0,0,1,1,3,3,6,7,9,7,11,1,1,Alexa,1,living room 
AlexaEmbodiment_220224_122_AD,ob495,1,1,1,1,1,2/24/22,5,5,5.11,5,F,VUI,4,kitchen,wheels,1,1,wheels,i dont know ,Y,N,Y,1,1,1,1,1,1,1,1,1,0,0,1,0,3,3,6,7,9,7,10,1,0,very rarely siri,0,
AlexaEmbodiment_220228_123_LL,od208,1,1,1,1,1,2/28/22,5,3,5.43,5,M,VUI,2,office,wheels,1,1,wheels,because its his first favorite song,Y,N,Y,1,1,1,1,1,1,0,0,1,0,0,1,1,2,2,4,6,7,6,9,1,1,"Siri, Alexa",1,"living room, some parent interference but mostly rephrasing questions in a helpful way, there was one point where parent laughed in response to an incorrect response (""is allie being mean"" ""yes"") but don't think it impacted child's explanation"
AlexaEmbodiment_220228_124_LL,oc816,1,2,1,1,1,2/28/22,5,2,3.83,3,F,Person,1,office,spider,1,1,wheels,N/A,Y,Y,Y,1,0,1,1,0,0,1,0,0,0,0,0,0,2,1,2,4,4,4,4,0.5,1,"Siri, Alexa, Google",2,"Observed but not used SS/VA (tried but unsucessful), struggled with why questions and the last story questions (mom said the vocab was too hard), also had audio issues and had to re-play first video (no sound first time around) + was on iPad so could not see me"
AlexaEmbodiment_220228_125_LL,ob782,1,2,1,1,1,2/28/22,5,5,6.71,6,F,Person,4,kitchen,wheels,1,1,wheels,because he told her that it was his favorite song,Y,Y,Y,1,1,1,1,1,1,1,1,1,1,1,1,1,3,3,6,8,9,7,13,1,1,"Google (on SS), Alexa (on ipad)",1,
AlexaEmbodiment_220228_126_AD,od044,1,1,1,1,1,2/28/22,5,3,8.79,8,F,VUI,2,office,wheels,1,1,spider,because i think they are connected: he told second paisia actually my favorite song is itsy bitsy spider - he wouldn't have said actually if they weren't connected,Y,N,Y,1,1,1,1,1,1,1,1,1,1,1,1,1,3,3,6,8,9,7,13,1,1,Alexa ,2,alexa in living room and dining room
AlexaEmbodiment_220228_127_AD,od018,1,3,1,1,1,2/28/22,5,5,8.12,8,F,VUI,4,kitchen,wheels,1,1,wheels,because he told her that was his favorite song,Y,N,Y,1,1,1,1,1,1,1,1,1,1,1,1,1,3,3,6,8,9,7,13,1,1,"Alexa and Google, Amazon Echo ",3,playroom music room and living room
AlexaEmbodiment_220301_128_AD,oc071,1,3,1,1,1,03/01/22,5,5,6.54,6,M,VUI,2,office,wheels,1,1,wheels,because he said can you play my favorite song and he said my favorite song is my wheels on the bus,Y,N,Y,1,1,1,1,1,1,1,1,1,1,1,1,1,3,3,6,8,9,7,13,1,0,Alexa,0,listens to alexa with grandma
AlexaEmbodiment_220301_129_AD,ob016,1,2,1,1,1,03/01/22,5,5,6.69,6,F,VUI,1,office,spider,1,1,spider,because he told her that's his favorite song and she said she would remember it,Y,N,Y,1,1,1,0,1,1,1,1,1,1,1,1,1,2,2,5,7,8,6,12,1,1,just google home,2,Google home in bathroom and kitchen
AlexaEmbodiment_220301_130_AD,od061,1,1,1,1,1,03/01/22,5,5,8.3,8,F,Person,4,kitchen,wheels,1,1,wheels,because scotty told paisia that that was his favorite song,Y,Y,Y,1,1,1,1,1,1,1,1,1,1,1,1,1,3,3,6,8,9,7,13,0,0,NA,0,"""not regularly, siri very randomly"""
AlexaEmbodiment_220302_131_LL,ob615,1,2,1,1,1,3/2/22,5,5,6.71,6,F,Person,2,office,wheels,1,1,wheels,because he told her it was his favorite song,Y,Y,Y,1,1,1,1,1,1,1,1,1,1,1,1,1,3,3,6,8,9,7,13,1,1,Amazon Echo,5,"Living room, kitchen, brothers room, childs room, parents room"
AlexaEmbodiment_220307_132_LL,od004,1,2,1,1,1,3/7/22,3,3,3.73,3,M,VUI,4,kitchen,wheels,1,1,wheels,because it did it the other time,Y,Y,Y,1,1,1,0,1,1,1,1,0,1,0,1,0,2,2,5,7,7,5,9,1,1,Amazon Echo,1,"Living room, said audio was a bit choppy and in first video the sound/video timing was off (lag); explanation: ""because it was there the other time"" ""because the other time it was right...on top"" (I accepted this response for diana + allie but unsure). surprisingly high TOM for a 3 y/o!"
AlexaEmbodiment_220307_133_LL,ob033,1,1,1,1,1,3/7/22,5,5,6.89,6,M,VUI,3,kitchen,spider,1,1,spider,because he said it was his favorite song when he talked to this Paisia,Y,N,Y,1,1,1,1,1,1,1,1,1,1,1,1,1,3,3,6,8,9,7,13,0,0,NA,0,
AlexaEmbodiment_220307_134_AD,oc935,1,3,1,1,1,3/7/22,5,5,12.65,12,F,VUI,3,kitchen,spider,1,1,spider,"because that's what he told the circle paisia was his favorite song --> after says she was second guessing because she has 3 alexas that ""are all connected so it's a little different"" ",Y,Y,N,NA,NA,NA,NA,NA,NA,NA,NA,NA,NA,NA,NA,NA,0,0,0,0,0,0,0,1,1,Amazon echo,3,Alexa and Siri - has an alexa in bathroom living room and her room (also note ab understanding sharing info mechanism but still choosing song 1)
AlexaEmbodiment_220307_135_AD,od344,1,3,1,0,0,3/7/22,5,5,2.9,2,M,VUI,3,kitchen,spider,1,1,spider,N/a,Y,Y,Y,NA,NA,NA,NA,NA,NA,NA,NA,NA,NA,NA,NA,NA,0,0,0,0,0,0,0,NA,NA,NA,NA,
AlexaEmbodiment_220307_136_AD,od015,1,3,1,0,0,3/7/22,5,5,3.09,3,M,Person,3,office,spider,1,1,n/a,n/a,NA,NA,NA,NA,NA,NA,NA,NA,NA,NA,NA,NA,NA,NA,NA,NA,0,0,0,0,0,0,0,NA,NA,NA,NA,
AlexaEmbodiment_220309_137_GD,oc959,1,2,1,1,1,3/9/22,5,5,3.86,3,M,Person,2,office,wheels,1,1,wheels,because that's his faveorite song,Y,Y,Y,0,0,0,1,1,0,0,0,1,0,0,0,0,1,0,2,1,3,2,3,1,0,Siri,0,
AlexaEmbodiment_220309_138_AD,oc817,1,3,1,1,1,3/9/22,5,5,11.48,11,M,VUI,1,office,spider,1,1,spider,because scotty told that paisia to play that song,Y,N,Y,NA,NA,NA,NA,NA,NA,NA,NA,NA,NA,NA,NA,NA,0,0,0,0,0,0,0,1,0,Siri on phone,0,
AlexaEmbodiment_220310_139_GD,od009,1,3,1,1,1,3/12/22,5,5,10.06,10,F,VUI,4,kitchen,wheels,1,1,wheels,because he told that Paisia that his favorite song was wheels on the bus,,,,NA,NA,NA,NA,NA,NA,NA,NA,NA,NA,NA,NA,NA,0,0,0,0,0,0,0,1,0,Alexa on phone,0,used to have a google home but not anymore
AlexaEmbodiment_220314_140_GD,od174,1,1,1,1,1,3/14/22,5,5,3.2,3,M,VUI,3,kitchen,spider,1,1,spider,that's the kind of song you play on Chromcast,Y,Y,Y,1,0,NR,1,0,0,1,0,0,0,0,0,0,2,1,2,3,3,3,3,0,0,NA,0,
AlexaEmbodiment_220314_141_GD,od261,1,3,1,1,1,3/14/22,5,5,3.35,3,F,Person,3,kitchen,spider,1,1,spider,because she wants it,Y,Y,Y,0,0,0,0,0,0,0,0,0,0,0,0,0,0,0,0,0,0,0,0,1,1,Google Home,2,living room and child bedroom
AlexaEmbodiment_220316_142_GD,od161,1,3,1,1,1,3/16/22,5,4,3.62,3,M,VUI,2,office,wheels,1,1,wheels,idk,Y,Y,Y,0,0,0,0,0,1,0,0,1,0,0,0,0,0,0,1,1,2,2,2,1,1,Homepod,3,kitchen and 2 kid bedrooms
AlexaEmbodiment_220316_143_GD,od181,1,2,1,0,1,3/16/22,5,4,3.15,3,F,VUI,4,kitchen,wheels,1,1,spider,yeah,Y,N,Y,0,0,0,0,0,0,0,0,NA,NA,NA,NA,NA,0,0,0,0,0,0,0,0,0,NA,0,
AlexaEmbodiment_220331_144_AD,ob476,1,2,1,1,1,3/31/22,5,5,3.54,3,M,Person,1,office,spider,1,1,spider,because he loves it,Y,Y,Y,1,0,0,0,1,1,0,1,1,0,0,1,1,0,0,3,3,5,3,7,0,0,apple home kit,0,apple home kit - said they have 2 and they are in the kitchen / family area
AlexaEmbodiment_220331_145_AD,od383,1,2,1,1,1,3/31/22,5,5,3.05,3,F,VUI,4,kitchen,wheels,1,1,spider,i dont know ,Y,N,N,0,0,0,1,0,0,0,0,1,0,0,0,0,1,0,1,1,2,2,2,0,0,NA,2,they have google homes in kitchen and living room and she tries to talk to it but it doesnt understand her
AlexaEmbodiment_220405_146_AD,ob420,1,1,1,1,1,4/5/22,5,4,3.39,3,F,VUI,4,kitchen,wheels,1,1,spider,N/A,Y,Y,Y,0,0,1,0,0,1,1,0,1,1,1,1,0,1,1,2,5,4,4,7,0,1,NA,2,2 google homes in living room and downstairs playroom. 
AlexaEmbodiment_220407_147_AD,oa052,1,3,1,1,1,4/7/22,5,5,10.23,10,F,VUI,2,office,wheels,1,1,wheels,because scotty told the paisia in the office that that was his favorite song,Y,Y,N,1,1,1,1,1,1,1,1,1,1,1,1,1,3,3,6,8,9,7,13,0,1,apple home pod,1,apple home pod (siri) in kitchen
AlexaEmbodiment_220407_148_AD,ob258,1,2,1,1,1,4/7/22,5,5,10.56,10,M,VUI,3,kitchen,spider,1,1,spider,because scotty told him that before,Y,N,Y,1,1,1,1,1,1,1,1,1,1,1,1,1,3,3,6,8,9,7,13,1,1,siri and google assistant. ,1,amazon echo (new- in living room)
AlexaEmbodiment_220411_149_AD,oc269,1,2,1,1,1,4/11/22,5,5,9.32,9,M,VUI,1,office,spider,1,1,spider,beause he told that paisia it was his favorite song,Y,N,Y,1,1,1,1,1,1,1,1,1,1,1,1,1,3,3,6,8,9,7,13,1,1,alexa,1,facebook portal - kitchen 
AlexaEmbodiment_220411_150_AD,od412,1,3,1,1,1,4/11/22,5,5,10.4,10,F,VUI,1,office,spider,1,1,wheels,because thats his favorite song,Y,N,Y,1,1,1,1,1,1,1,1,1,1,1,1,1,3,3,6,8,9,7,13,1,1,alexa,2,in hadley's bedroom and living room 
AlexaEmbodiment_220412_151_AD,oc358,1,1,1,1,1,4/12/22,5,5,10.74,10,M,VUI,2,office,wheels,1,1,wheels,because he told paisia to play his favorite song ,Y,N,Y,0,1,1,1,1,1,1,1,1,1,1,1,1,3,3,6,7,8,6,12,1,1,google assistant,3,"3 google home - living room, dads bedroom, family room "
AlexaEmbodiment_220414_152_AD,ob616,1,2,1,1,1,4/14/2022,5,5,10.72,10,M,VUI,4,kitchen,wheels,1,1,wheels,because they are both different,Y,N,Y,1,1,0,1,1,1,1,1,1,1,1,1,1,3,3,6,7,8,6,12,1,1,alexa,6,"living room, kitchen, dining room, each of the 3 bedrooms"
AlexaEmbodiment_220414_153_AD,ob209,1,2,1,1,1,4/14/2022,4,5,7.12,7,F,VUI,4,kitchen,wheels,1,1,wheels,because he said that his favorite song was wheels on the bus,Y,N,Y,1,1,1,1,1,1,1,1,1,1,1,1,1,3,3,6,8,9,7,13,0,0,NA,0,
AlexaEmbodiment_220414_154_AD,od392,1,2,1,1,1,4/14/22,5,4,3.5,3,M,VUI,3,kitchen,spider,1,1,spider,because he wanted to,N,N,N,0,1,0,1,1,1,0,0,1,0,0,0,0,2,2,4,3,5,4,5,0,1,NA,1,google home in kitchen
AlexaEmbodiment_220418_155_AD,od423,1,1,1,1,1,4/18,5,5,11.97,11,F,VUI,2,office,wheels,1,1,wheels,beause he told her to remember it,Y,N,Y,1,1,1,1,1,1,1,1,1,1,1,1,1,3,3,6,8,9,7,13,1,1,"alexa, siri",4,"4 amazon echos. one in her room, one in each of her sisters' room, one in her moms room"
AlexaEmbodiment_220418_156_AD,od294,1,3,1,1,1,4/18,5,5,11.37,11,M,VUI,4,kitchen,wheels,1,1,wheels,because they're probably not linked to the same thing because they don't look like the same device,Y,N,Y,1,1,1,1,1,1,1,1,1,1,1,1,1,3,3,6,8,9,7,13,1,1,siri,4,"4 google homes, office, family room, seth's room, one that moves around"
AlexaEmbodiment_220418_157_AD,od293,1,3,1,1,1,4/18,5,5,9.36,9,F,VUI,3,kitchen,spider,1,1,spider,because its his favorite and she remembers things,Y,N,Y,1,1,1,1,1,1,1,1,1,1,1,1,1,3,3,6,8,9,7,13,1,1,siri,4,"4 google homes, office, family room, seth's room, one that moves around"
AlexaEmbodiment_220419_158_AD,ob081,1,1,1,1,1,4/19/22,5,5,10.05,10,M,VUI,3,kitchen,spider,1,1,spider,because he told paisia that that was his favorite song,Y,N,Y,1,1,1,1,1,1,1,1,1,1,1,1,1,3,3,6,8,9,7,13,1,1,"alexa, google assistant sometimes",2,"google home in kitchen, amazon echo in room"
AlexaEmbodiment_220419_159_AD,oa057,1,2,1,1,1,4/19/2022,5,5,9.26,9,M,VUI,4,kitchen,wheels,1,1,spider,because if you have two paisias the one that you say that you change your mind it will connect to the other paisia because its all the same thing,Y,N,Y,1,1,0,1,1,1,1,1,1,1,0,0,1,3,3,6,6,8,6,10,1,1,siri,0,amazon echo
AlexaEmbodiment_220419_160_AD,od394,1,2,1,1,1,4/19/2022,4,4,3.59,3,F,Person,3,kitchen,spider,1,1,spider,i dont know ,N,Y,Y,1,1,0,0,1,1,0,0,0,0,0,0,0,1,1,3,3,4,3,4,0,0,NA,0,
AlexaEmbodiment_220421_161_AD,od118,1,2,1,1,1,4/21/22,5,4,11.77,11,F,VUI,2,office,wheels,1,1,spider,because they are connected,Y,N,Y,1,1,1,1,1,1,1,1,1,1,1,1,1,3,3,6,8,9,7,13,1,1,siri,3,"one in her room, one in brothers, one in living room "
AlexaEmbodiment_220421_162_AD,od683,1,3,1,1,1,4/21,5,5,10.94,10,F,VUI,1,office,spider,1,1,spider,because thats what he told that paisia,Y,N,Y,1,1,1,1,1,1,1,1,1,1,1,1,1,3,3,6,8,9,7,13,1,1,google assistant,1,one in the living room - ask it to play songs
AlexaEmbodiment_220425_163_AD,ob376,1,1,1,0,1,4/25/22,5,5,6.28,6,M,Person,1,office,spider,1,1,spider,because thats what he told that paisia,Y,Y,Y,1,1,1,1,1,1,1,1,1,1,1,1,1,3,3,6,8,9,7,13,0,0,N/A,0,was well versed in ToM data from other study (UCCS) 
AlexaEmbodiment_220425_164_AD,oc781,1,3,1,1,1,4/25/22,5,5,11.69,11,F,VUI,3,kitchen,spider,1,1,wheels,beacuse she told the other one that that was her favorite song,Y,N,Y,1,1,1,1,1,1,1,1,1,1,1,1,1,3,3,6,8,9,7,13,1,1,"google assistant, siri ",3,"google homes in kitchen, her room, and in garage"
AlexaEmbodiment_220425_165_AD,od067,1,2,1,1,1,4/25,5,5,10.86,10,F,VUI,3,kitchen,spider,1,1,spider,because he said he liked that song,Y,N,Y,1,0,1,0,1,1,0,1,1,1,1,1,1,0,0,3,5,6,4,10,1,1,alexa,1,alexa on the firestick (TV) and alexa on the echo dot (neither in her room)
AlexaEmbodiment_220426_166_AD,oc718,1,3,1,1,1,4/26,4,5,11.39,11,F,VUI,4,kitchen,wheels,1,1,wheels,because he told paisia thats his favorite song,Y,N,Y,1,1,1,1,1,1,1,1,1,1,1,1,1,3,3,6,8,9,7,13,0,0,NA,0,
AlexaEmbodiment_220426_167_AD,od361,1,3,1,1,1,4/26,4,5,11.36,11,F,VUI,3,kitchen,spider,1,1,spider,because thats what he told that paisia to play,Y,N,Y,1,1,1,1,1,1,1,1,1,1,1,1,1,3,3,6,8,9,7,13,1,0,siri on the phone,0,
AlexaEmbodiment_22042_168_AD,oc785,1,2,1,1,1,4/28/22,4,4,9.51,9,M,Person,1,office,spider,1,1,spider,because he told that paisia that was his favorite song,Y,Y,Y,NA,NA,NA,NA,NA,NA,NA,NA,NA,NA,NA,NA,NA,0,0,0,NA,NA,0,NA,1,1,Google assistant,google home,"5 - his room, dads room, kitchen, bathroom, living room "
AlexaEmbodiment_22042_169_AD,oc921,1,1,1,1,1,4/28/22,5,5,11.37,11,M,Person,2,office,wheels,1,1,wheels,because he told that paisia that was his favorite song,Y,Y,Y,NA,NA,NA,NA,NA,NA,NA,NA,NA,NA,NA,NA,NA,0,0,0,NA,NA,0,NA,1,0,alexa on TV,0,
AlexaEmbodiment_22042_170_AD,od399,1,2,1,1,1,4/28/22,5,5,11.95,11,F,VUI,1,office,wheels,1,1,spider,because they're connected,Y,N,Y,NA,NA,NA,NA,NA,NA,NA,NA,NA,NA,NA,NA,NA,0,0,0,NA,NA,0,NA,1,1,siri but not on a daily basis,0,doesnt have them because mom doesnt trust them but said that the dad has explained to her how smart speakers can share ur information with other people so she understands the way smart speakers work but doesnt have any in her home
AlexaEmbodiment_22042_171_AD,od098,1,1,1,1,1,4/28/22,5,5,11.62,11,F,VUI,1,office,spider,1,1,wheels,because theyre connected and he said actually before saying his favorite song so its wheels,Y,N,Y,NA,NA,NA,NA,NA,NA,NA,NA,NA,NA,NA,NA,NA,0,0,0,NA,NA,0,NA,0,1,NA,1,doesnt have a phone but has an alexa in her house that doesnt work but she doesnt reply any more. first language is in russian.  other notes: she told me how she is getting bullied at school for being russian which kinda broke my heart so we talked for a while on recording after the game was played but the data is still usable but the video shouldnt be shown for anything.  
AlexaEmbodiment_22042_172_AD,od704,1,3,1,1,1,4/28/22,5,5,12.45,12,M,Person,4,kitchen,wheels,1,1,wheels,because thats the one he told her was his favorite,Y,Y,Y,NA,NA,NA,NA,NA,NA,NA,NA,NA,NA,NA,NA,NA,0,0,0,NA,NA,0,NA,1,1,google asstaint but doesnt use anymore,5,used to have a bunch of google home minis but not anymore. said paisia couldnt hear at first cuz she was in the other room not listening which i thought was interesting 
AlexaEmbodiment_220502_173_AD,od289,1,3,1,1,1,5/2/22,5,5,9.91,9,F,VUI,2,office,wheels,1,1,wheels,because scotty told that specific paisia (that was his favorite song),Y,N,Y,NA,NA,NA,NA,NA,NA,NA,NA,NA,NA,NA,NA,NA,0,0,0,NA,NA,0,NA,0,0,her moms phone has siri but doesnt really let her use it,0,been speaking english since she was 4 
AlexaEmbodiment_220502_174_AD,od322,1,3,1,1,1,5/2/22,5,4,12.71,12,F,VUI,2,office,wheels,1,1,wheels,because thats what he told that paisia,N,N,Y,NA,NA,NA,NA,NA,NA,NA,NA,NA,NA,NA,NA,NA,0,0,0,NA,NA,0,NA,1,1,"google assistant, siri on ipad",4,"her room, both of her sisters' rooms, basement. Said that paisa could hear sounds but not like people can so she cant hear"
AlexaEmbodiment_220502_175_AD,od030,1,2,1,1,1,5/2/22,5,5,9.96,9,F,VUI,1,office,spider,1,1,spider,because the paisias might not be connected so that one wouldnt know ,Y,N,Y,NA,NA,NA,NA,NA,NA,NA,NA,NA,NA,NA,NA,NA,0,0,0,NA,NA,0,NA,0,0,said not really to any,0,said not really to smart speakers. none in their home. kid showed clear understanding of smart speakers sharing information but said that she didnt think the two paisias were connected because they were different sizes so they might be from different generations and arent compatible to share info 
AlexaEmbodiment_220502_176_AD,od304,1,1,1,1,1,5/2/22,5,5,11.34,11,F,VUI,1,office,spider,1,1,spider,because thats what he said was his favorite song to that paisia ,Y,N,Y,NA,NA,NA,NA,NA,NA,NA,NA,NA,NA,NA,NA,NA,0,0,0,NA,NA,0,NA,0,1,NA,1,similarly demonstrated understanding of how communication between smart speakers operates but still said that in the game they were not connected but could not defend why she thought that
AlexaEmbodiment_220503_177_AD,oc777,1,1,1,1,1,5/3/22,5,5,9.8,9,M,VUI,2,office,wheels,1,1,spider,because i think if you unscrew the top of it it would be the same paisia ,Y,N,Y,NA,NA,NA,NA,NA,NA,NA,NA,NA,NA,NA,NA,NA,0,0,0,NA,NA,0,NA,1,1,Siri on the ipad,1,one amazon home in the living room 
AlexaEmbodiment_220503_178_AD,od342,1,1,1,1,0,5/3/22,5,4,14.4,14,F,VUI,1,office,spider,1,1,wheels,because thats his favorite song,Y,N,Y,NA,NA,NA,NA,NA,NA,NA,NA,NA,NA,NA,NA,NA,0,0,0,NA,NA,0,NA,1,0,siri on phone sometimes,0,"responded ""correctly"" but very quickly and didnt elaborate and said she doesnt have smart spearker experience. also is 14 so not relevant specifically for our study"
AlexaEmbodiment_220503_179_AD,oc967,1,1,1,1,1,5/3/22,5,5,9.3,9,M,VUI,4,kitchen,wheels,1,1,wheels,because he said it to this first paisia ,Y,N,Y,NA,NA,NA,NA,NA,NA,NA,NA,NA,NA,NA,NA,NA,0,0,0,NA,NA,0,NA,1,1,google assistant,4,"one in his room, master bedroom, office, kitchen. the kid was super polite and respectful and upbeat! "
AlexaEmbodiment_220503_180_AD,od695,1,1,1,1,1,5/3/22,5,5,10.55,10,M,VUI,4,kitchen,wheels,1,1,wheels,because he told paisia that it was his favorite song ,Y,N,Y,NA,NA,NA,NA,NA,NA,NA,NA,NA,NA,NA,NA,NA,0,0,0,NA,NA,0,NA,1,1,siri ,3,"one in his room, brothers room, office"
AlexaEmbodiment_220505_181_AD,od728,1,1,1,1,1,5/5/22,5,5,11.64,11,M,Person,4,kitchen,wheels,1,1,wheels,because she knows his favorite song is the wheels on the bus,Y,Y,Y,NA,NA,NA,NA,NA,NA,NA,NA,NA,NA,NA,NA,NA,0,0,0,NA,NA,0,NA,1,0,"siri on ipad, google assistant",0,
AlexaEmbodiment_220505_182_AD,od330,1,1,1,1,1,5/5/22,5,5,10.81,10,F,VUI,4,kitchen,wheels,1,1,wheels,because he told this paisia that his favorite song was the wheels on the bus ,Y,N,Y,NA,NA,NA,NA,NA,NA,NA,NA,NA,NA,NA,NA,NA,0,0,0,NA,NA,0,NA,0,1,NA,3,"amazon echo in her room, google home in living room and in moms room "
AlexaEmbodiment_220509_183_AD,od290,1,3,1,1,1,5/9/22,5,5,11.31,11,F,Person,1,office,spider,1,1,spider,because thats what he told that paisia was his favorite song,Y,Y,Y,NA,NA,NA,NA,NA,NA,NA,NA,NA,NA,NA,NA,NA,0,0,0,NA,NA,0,NA,1,0,siri on ipad,0,doesnt have one in their house talks to google home in grandmas house a lot 
AlexaEmbodiment_220509_184_AD,od746,1,3,1,1,1,5/9/22,5,5,10.82,10,F,Person,1,office,spider,1,1,spider,because thats his favorite song,Y,Y,Y,NA,NA,NA,NA,NA,NA,NA,NA,NA,NA,NA,NA,NA,0,0,0,NA,NA,0,NA,1,0,siri on ipad,0,
AlexaEmbodiment_220509_185_AD,oc651,1,1,1,1,1,5/9/22,5,5,9.4,9,M,VUI,3,kitchen,spider,1,1,spider,because earlier scotty told paisia that this was his favorite song,Y,N,Y,NA,NA,NA,NA,NA,NA,NA,NA,NA,NA,NA,NA,NA,0,0,0,NA,NA,0,NA,0,0,NA,1,says there is one in his moms room but he doesnt talk to it ever. also demonstrated the understanding of smart speakers having a shared mental state but assumed that these specific devices were not sharing information because they were different shapes 
AlexaEmbodiment_220510_186_AD,ob756,1,2,1,1,1,5/10/2022,5,5,11.23,11,F,VUI,2,office,wheels,1,1,spider,because theyre probably connected so it would know that his favorite song is the itsy bitsy spider ,Y,N,Y,NA,NA,NA,NA,NA,NA,NA,NA,NA,NA,NA,NA,NA,0,0,0,NA,NA,0,NA,1,0,siri on ipad google assitant on phone,0,none in house but familiar with mechanism from friends devices 
AlexaEmbodiment_220512_187_AD,od800,1,2,1,1,1,5/12/22,5,5,11.41,11,M,Person,3,kitchen,spider,1,1,spider,because this paisia hasnt been updated on his favorite song changing,Y,Y,Y,NA,NA,NA,NA,NA,NA,NA,NA,NA,NA,NA,NA,NA,0,0,0,NA,NA,0,NA,1,1,alexa on kindle tablets ,1,amazon echo but doesnt work rn 
AlexaEmbodiment_220516_188_AD,ob155,1,2,1,1,1,5/16/22,5,5,9.58,9,F,VUI,4,kitchen,wheels,1,1,wheels,because thats what he told that paisia,Y,N,Y,NA,NA,NA,NA,NA,NA,NA,NA,NA,NA,NA,NA,NA,0,0,0,NA,NA,0,NA,1,1,siri but dont use that much,4,"moms room, her room, kitchen, bathroom, and 2 in mountain house. she said if she told the one in her room something the one in the kitchen would know that but said she didnt know why she didnt extend that reasoning to the game. also her laptop died halfway through so i paused and restarted the recording and replayed the videos (we watched both videos but she didnt answer questions yet so i just had her watch them again) "
AlexaEmbodiment_220519_189_AD,oc775,1,2,1,1,1,5/19/22,5,5,9.96,9,F,VUI,4,kitchen,wheels,1,1,wheels,because thats what he told that paisia,Y,N,Y,NA,NA,NA,NA,NA,NA,NA,NA,NA,NA,NA,NA,NA,0,0,0,NA,NA,0,NA,0,0,NA,0,said she had an alexa for a week but the mom got rid of it and replaced it with a yodo? which sounds kinda like a smart speaker but you dont talk to it. i got no smart speaker experience vibes but ur call 
AlexaEmbodiment_220523_190_AD,oc360,1,1,1,1,1,5/23/22,5,5,9.77,9,M,VUI,1,office,spider,1,1,wheels,because he switched his answer,Y,N,Y,NA,NA,NA,NA,NA,NA,NA,NA,NA,NA,NA,NA,NA,0,0,0,NA,NA,0,NA,1,1,has siri but doesnt use it that much,5,"living room, foster cat room, bathroom, black table room, elliots room "
AlexaEmbodiment_220523_191_AD,od328,1,1,1,1,1,5/23/22,5,5,12.02,12,M,VUI,1,office,spider,1,1,wheels,because theyre on the same account so it knows he changed his song,Y,N,Y,NA,NA,NA,NA,NA,NA,NA,NA,NA,NA,NA,NA,NA,0,0,0,NA,NA,0,NA,1,1,has siri but doesnt use it that much,5,"his room, living room, foster cat room, bathroom, black table room "
AlexaEmbodiment_220523_192_AD,oc946,1,2,1,1,1,5/23/22,5,5,9.11,9,F,VUI,2,office,wheels,1,1,wheels,because thats his favorite song,Y,N,Y,NA,NA,NA,NA,NA,NA,NA,NA,NA,NA,NA,NA,NA,0,0,0,NA,NA,0,NA,1,1,doesnt really use siri ,2,one amazon echo in moms room one google home in living room 
AlexaEmbodiment_220523_193_AD,od380,1,3,1,1,1,5/23/22,5,5,12.67,12,M,VUI,4,kitchen,wheels,1,1,wheels,because scotty told this one it was his favorite song,Y,N,Y,NA,NA,NA,NA,NA,NA,NA,NA,NA,NA,NA,NA,NA,0,0,0,NA,NA,0,NA,1,1,siri ,2,one amazon echo in his room one amazon echo in kitchen - knows theyre connected and said he didnt know why he didnt think they were connected in the game 
AlexaEmbodiment_220523_194_AD,oc906,1,2,1,1,1,5/23/22,5,5,9.1,9,M,VUI,2,office,wheels,1,1,wheels,because its a different paisia then the other paisia and theyre two different people.. .no.. home pods ,Y,N,Y,NA,NA,NA,NA,NA,NA,NA,NA,NA,NA,NA,NA,NA,0,0,0,NA,NA,0,NA,1,1,siri,2,one amazon echo in kitchen one google home in living room. says he likes the alexa better cuz he can play music and on google they have to use youtube plus 
AlexaEmbodiment_220524_195_AD,od791,1,2,1,1,1,5/24/22,5,4,10.44,10,F,Person,1,office,spider,1,1,spider,because thats what he told that paisia was his favorite song,Y,Y,Y,NA,NA,NA,NA,NA,NA,NA,NA,NA,NA,NA,NA,NA,0,0,0,NA,NA,0,NA,1,1,siri on dads phone,3,one in her room one in kitchen one in living room 
AlexaEmbodiment_220524_196_AD,ob217,1,2,1,1,1,5/24/22,5,5,9.6,9,F,VUI,3,kitchen,spider,1,1,spider,probably the one that he told it because it probably doesnt remember what he told the other paisia. itsy bitsy spider. maybe itll ask him which one if they know the same thing. but it will play the first song ,Y,N,Y,NA,NA,NA,NA,NA,NA,NA,NA,NA,NA,NA,NA,NA,0,0,0,NA,NA,0,NA,1,1,siri on moms phone,1,alexa in kitchen. said she didnt think the paisias were connected cuz they were in different rooms. said they would need to have a wire connecting them if they were gonna be connected
AlexaEmbodiment_220526_197_AD,od038,1,1,1,1,1,5/26/22,5,5,9.43,9,F,Person,2,office,wheels,1,1,wheels,because thats what he told that paisia,Y,Y,Y,NA,NA,NA,NA,NA,NA,NA,NA,NA,NA,NA,NA,NA,0,0,0,NA,NA,0,NA,1,1,google or siri on parents phones,1,google home (portable in house) 
AlexaEmbodiment_220526_198_AD,od300,1,2,1,1,1,5/26/22,5,5,9.54,9,M,Person,3,kitchen,spider,1,1,spider,because thats what he told that paisia,Y,Y,Y,NA,NA,NA,NA,NA,NA,NA,NA,NA,NA,NA,NA,NA,0,0,0,NA,NA,0,NA,0,1,NA,1,alexa in the dining room 
AlexaEmbodiment_220530_199_AD,oc980,1,3,1,1,1,5/30/22,5,5,9.12,9,M,Person,4,kitchen,wheels,1,1,wheels,because thats what he told the paisia in the kitchen,Y,Y,Y,NA,NA,NA,NA,NA,NA,NA,NA,NA,NA,NA,NA,NA,0,0,0,NA,NA,0,NA,0,1,NA,1,alexa in kitchen 
AlexaEmbodiment_220531_200_AD,ob215,1,3,1,1,1,5/31/22,5,5,10.63,10,M,Person,2,office,wheels,1,1,wheels,because she didnt know that he told the other paisia something else ,Y,Y,Y,NA,NA,NA,NA,NA,NA,NA,NA,NA,NA,NA,NA,NA,0,0,0,NA,NA,0,NA,0,1,NA,1,"3 apple home pods, one in brothers room, one in his room, one in kitchen "
AlexaEmbodiment_220531_201_AD,ob213,1,3,1,1,1,5/31/22,5,5,9.04,9,M,Person,4,kitchen,wheels,1,1,wheels,because she remembered that thats what he told her his favorite song was ,Y,Y,Y,NA,NA,NA,NA,NA,NA,NA,NA,NA,NA,NA,NA,NA,0,0,0,NA,NA,0,NA,0,1,NA,1,"3 apple home pods, one in brothers room, one in his room, one in kitchen "